timestamp,close,open,high,low
2021/12/31,6.3521,6.3762,6.379,6.3384
2021/12/30,6.3691,6.3703,6.3797,6.3667
2021/12/29,6.368,6.3687,6.3738,6.3659
2021/12/28,6.3684,6.3714,6.3743,6.3657
2021/12/27,6.3705,6.3706,6.3749,6.3675
2021/12/24,6.3672,6.372,6.3726,6.3658
2021/12/23,6.3696,6.3685,6.3735,6.3671
2021/12/22,6.3695,6.3682,6.3752,6.3675
2021/12/21,6.3716,6.3745,6.3769,6.367
2021/12/20,6.3756,6.3828,6.3847,6.3732
2021/12/17,6.3748,6.3691,6.3845,6.3675
2021/12/16,6.3674,6.3664,6.371,6.3637
2021/12/15,6.3673,6.3647,6.3696,6.3618
2021/12/14,6.3671,6.3715,6.3726,6.3597
2021/12/13,6.363,6.3664,6.3685,6.3584
2021/12/10,6.3685,6.383,6.384,6.3609
2021/12/9,6.3772,6.347,6.3786,6.3411
2021/12/8,6.3435,6.3668,6.3675,6.3428
2021/12/7,6.3657,6.3732,6.3746,6.3636
2021/12/6,6.3756,6.3713,6.3808,6.366
2021/12/3,6.3758,6.3771,6.3773,6.3666
2021/12/2,6.3763,6.371,6.3808,6.3663
2021/12/1,6.3673,6.3681,6.3738,6.3596
2021/11/30,6.364,6.379,6.3795,6.3625
2021/11/29,6.3875,6.3885,6.3903,6.3779
2021/11/26,6.3924,6.3861,6.395,6.3854
2021/11/25,6.386,6.3914,6.392,6.3838
2021/11/24,6.3917,6.3896,6.3945,6.3838
2021/11/23,6.391,6.3854,6.3948,6.3812
2021/11/22,6.3842,6.3907,6.391,6.3746
2021/11/19,6.3863,6.3837,6.3925,6.3791
2021/11/18,6.3851,6.378,6.3896,6.3733
2021/11/17,6.3775,6.3888,6.3945,6.3741
2021/11/16,6.3919,6.3819,6.398,6.3664
2021/11/15,6.3824,6.3808,6.3868,6.3768
2021/11/12,6.3787,6.3962,6.3989,6.3781
2021/11/11,6.3898,6.3889,6.4098,6.3882
2021/11/10,6.3882,6.3928,6.3965,6.3823
2021/11/9,6.3916,6.3924,6.3986,6.3873
2021/11/8,6.3902,6.3967,6.4008,6.3914
2021/11/5,6.398,6.3966,6.4061,6.3966
2021/11/4,6.397,6.396,6.4013,6.3899
2021/11/3,6.4061,6.4009,6.4085,6.3924
2021/11/2,6.3995,6.3966,6.403,6.3941
2021/11/1,6.3972,6.406,6.4079,6.3941
2021/10/29,6.405,6.3931,6.4094,6.3876
2021/10/28,6.3917,6.3976,6.405,6.3914
2021/10/27,6.3915,6.381,6.3986,6.3805
2021/10/26,6.382,6.3825,6.3874,6.3777
2021/10/25,6.3856,6.3875,6.3929,6.3787
2021/10/22,6.3839,6.391,6.4019,6.3808
2021/10/21,6.3925,6.394,6.4031,6.3872
2021/10/20,6.3936,6.3818,6.3979,6.3818
2021/10/19,6.3822,6.4299,6.4299,6.3797
2021/10/18,6.429,6.4335,6.4405,6.4276
2021/10/15,6.434,6.4358,6.4415,6.4255
2021/10/14,6.438,6.4337,6.4417,6.4311
2021/10/13,6.4262,6.4506,6.452,6.4253
2021/10/12,6.4485,6.459,6.4594,6.446
2021/10/11,6.4501,6.4425,6.4507,6.4341
2021/10/8,6.4435,6.4493,6.4529,6.4392
2021/10/7,6.4466,6.4466,6.4466,6.4466
2021/10/6,6.4466,6.4466,6.4466,6.4466
2021/10/5,6.4466,6.4466,6.4466,6.4466
2021/10/4,6.4466,6.4466,6.4466,6.4466
2021/10/1,6.4466,6.4466,6.4466,6.4466
2021/9/30,6.4452,6.4711,6.4752,6.4431
2021/9/29,6.4702,6.461,6.476,6.4604
2021/9/28,6.4595,6.4597,6.4639,6.451
2021/9/27,6.456,6.4559,6.4653,6.4536
2021/9/24,6.466,6.4602,6.4714,6.4563
2021/9/23,6.459,6.4703,6.4711,6.4513
2021/9/22,6.4583,6.4662,6.4745,6.4596
2021/9/21,6.4662,6.4662,6.4662,6.4662
2021/9/20,6.4662,6.4662,6.4662,6.4662
2021/9/17,6.4655,6.4547,6.4707,6.4464
2021/9/16,6.4566,6.4336,6.4602,6.4299
2021/9/15,6.432,6.4434,6.4462,6.4296
2021/9/14,6.4382,6.4482,6.4529,6.4367
2021/9/13,6.4511,6.4443,6.4592,6.4443
2021/9/10,6.444,6.457,6.4577,6.4348
2021/9/9,6.4514,6.462,6.4653,6.4513
2021/9/8,6.4612,6.4644,6.4669,6.4559
2021/9/7,6.4662,6.455,6.4689,6.4525
2021/9/6,6.4542,6.454,6.4615,6.4506
2021/9/3,6.4528,6.4553,6.4613,6.4333
2021/9/2,6.4558,6.46,6.4649,6.4536
2021/9/1,6.4586,6.4618,6.4711,6.4584
2021/8/31,6.4604,6.468,6.4728,6.455
2021/8/30,6.4658,6.466,6.4727,6.464
2021/8/27,6.4711,6.4815,6.4884,6.4717
2021/8/26,6.4809,6.4725,6.4878,6.4725
2021/8/25,6.4756,6.4714,6.4811,6.4707
2021/8/24,6.471,6.479,6.4851,6.4676
2021/8/23,6.4805,6.4915,6.4973,6.4788
2021/8/20,6.5012,6.496,6.5057,6.4935
2021/8/19,6.4942,6.4847,6.4997,6.484
2021/8/18,6.4841,6.4861,6.4872,6.4776
2021/8/17,6.4854,6.4787,6.4889,6.4759
2021/8/16,6.4742,6.4774,6.481,6.4719
2021/8/13,6.4768,6.4778,6.4854,6.4749
2021/8/12,6.4782,6.4767,6.4811,6.4719
2021/8/11,6.4783,6.4846,6.4894,6.4752
2021/8/10,6.4852,6.4826,6.4875,6.4774
2021/8/9,6.4857,6.4835,6.4895,6.4731
2021/8/6,6.4825,6.466,6.4848,6.4622
2021/8/5,6.4608,6.4671,6.4677,6.4595
2021/8/4,6.4655,6.4662,6.4673,6.4555
2021/8/3,6.47,6.4656,6.471,6.4604
2021/8/2,6.462,6.4615,6.4693,6.458
2021/7/30,6.4609,6.4645,6.4693,6.4506
2021/7/29,6.4562,6.4908,6.4908,6.4544
2021/7/28,6.4905,6.5095,6.5101,6.4891
2021/7/27,6.5104,6.476,6.5132,6.4735
2021/7/26,6.4825,6.479,6.4875,6.4785
2021/7/23,6.4808,6.4683,6.4829,6.467
2021/7/22,6.4699,6.4675,6.4717,6.4616
2021/7/21,6.4664,6.4787,6.4818,6.4653
2021/7/20,6.4845,6.4869,6.491,6.4766
2021/7/19,6.4893,6.4784,6.4924,6.4763
2021/7/16,6.4785,6.4648,6.4798,6.4619
2021/7/15,6.4569,6.4609,6.4708,6.4555
2021/7/14,6.4688,6.4741,6.4783,6.4498
2021/7/13,6.4685,6.4699,6.4756,6.4619
2021/7/12,6.4751,6.4763,6.4798,6.4697
2021/7/9,6.4788,6.4851,6.4922,6.477
2021/7/8,6.4898,6.4771,6.4928,6.4721
2021/7/7,6.4718,6.4766,6.4774,6.4608
2021/7/6,6.4752,6.461,6.4811,6.458
2021/7/5,6.463,6.4696,6.4705,6.4572
2021/7/2,6.4721,6.4693,6.4855,6.4688
2021/7/1,6.4679,6.4622,6.4708,6.4581
2021/6/30,6.4566,6.4634,6.4646,6.4525
2021/6/29,6.4635,6.459,6.4687,6.4538
2021/6/28,6.4555,6.4603,6.4659,6.4528
2021/6/25,6.4545,6.4653,6.4681,6.4496
2021/6/24,6.4701,6.478,6.4837,6.4645
2021/6/23,6.4727,6.474,6.4903,6.4712
2021/6/22,6.4811,6.4647,6.4831,6.458
2021/6/21,6.4659,6.4507,6.4732,6.4474
2021/6/18,6.4525,6.4476,6.4549,6.434
2021/6/17,6.4477,6.3972,6.4512,6.3972
2021/6/16,6.3969,6.4026,6.4068,6.3945
2021/6/15,6.4052,6.4056,6.4089,6.3979
2021/6/14,6.3987,6.3987,6.3987,6.3987
2021/6/11,6.3967,6.3869,6.4005,6.3839
2021/6/10,6.3929,6.3875,6.397,6.381
2021/6/9,6.3865,6.3986,6.3994,6.3818
2021/6/8,6.4,6.3915,6.4025,6.3885
2021/6/7,6.3963,6.396,6.4038,6.3925
2021/6/4,6.3945,6.4047,6.4135,6.3932
2021/6/3,6.4036,6.3811,6.4056,6.3797
2021/6/2,6.3805,6.378,6.392,6.376
2021/6/1,6.3796,6.3676,6.3858,6.3611
2021/5/31,6.3688,6.369,6.3757,6.3568
2021/5/28,6.3674,6.383,6.3854,6.3612
2021/5/27,6.3824,6.3946,6.3979,6.3731
2021/5/26,6.3905,6.411,6.4111,6.3863
2021/5/25,6.41,6.4111,6.4159,6.4011
2021/5/24,6.4177,6.4387,6.4405,6.4163
2021/5/21,6.4339,6.4335,6.4381,6.4272
2021/5/20,6.4339,6.435,6.4442,6.4308
2021/5/19,6.4342,6.4246,6.4412,6.4222
2021/5/18,6.425,6.4338,6.4356,6.4177
2021/5/17,6.4388,6.4419,6.4457,6.4344
2021/5/14,6.4367,6.4476,6.4508,6.4292
2021/5/13,6.4506,6.4545,6.4594,6.4472
2021/5/12,6.4566,6.4296,6.4585,6.4276
2021/5/11,6.4285,6.4274,6.4345,6.4193
2021/5/10,6.4156,6.4337,6.4352,6.4085
2021/5/7,6.431,6.4662,6.4668,6.4315
2021/5/6,6.4598,6.4808,6.484,6.4623
2021/5/5,6.4735,6.4735,6.4735,6.4735
2021/5/4,6.4735,6.4735,6.4735,6.4735
2021/5/3,6.4735,6.4735,6.4735,6.4735
2021/4/30,6.473,6.4713,6.478,6.4633
2021/4/29,6.471,6.4745,6.48,6.464
2021/4/28,6.4771,6.4865,6.4911,6.4784
2021/4/27,6.483,6.4865,6.4914,6.4792
2021/4/26,6.4844,6.4857,6.4934,6.4827
2021/4/25,6.4954,6.4954,6.4954,6.4954
2021/4/23,6.4945,6.4926,6.5004,6.4893
2021/4/22,6.491,6.4892,6.4958,6.4812
2021/4/21,6.4903,6.5015,6.5029,6.4883
2021/4/20,6.4981,6.5071,6.5097,6.4911
2021/4/19,6.5085,6.5293,6.5317,6.5047
2021/4/16,6.5203,6.5304,6.5348,6.5169
2021/4/15,6.522,6.5307,6.5428,6.5202
2021/4/14,6.5292,6.5402,6.5438,6.5274
2021/4/13,6.5431,6.5462,6.5548,6.5415
2021/4/12,6.5443,6.5584,6.5609,6.5427
2021/4/9,6.5522,6.5476,6.5627,6.5452
2021/4/8,6.5505,6.5493,6.5531,6.5453
2021/4/7,6.5415,6.5398,6.5475,6.5358
2021/4/6,6.537,6.5546,6.5602,6.5388
2021/4/5,6.5671,6.5671,6.5671,6.5671
2021/4/2,6.5646,6.5637,6.5694,6.5578
2021/4/1,6.5645,6.5556,6.5792,6.5543
2021/3/31,6.5518,6.5687,6.5719,6.5445
2021/3/30,6.5716,6.5792,6.5802,6.5622
2021/3/29,6.5678,6.5416,6.5746,6.5406
2021/3/26,6.5412,6.5391,6.5471,6.5369
2021/3/25,6.5452,6.5283,6.5483,6.5283
2021/3/24,6.523,6.5191,6.5286,6.5157
2021/3/23,6.516,6.5063,6.518,6.5062
2021/3/22,6.507,6.51,6.5134,6.5047
2021/3/19,6.507,6.5117,6.5184,6.5005
2021/3/18,6.5054,6.4932,6.5125,6.4894
2021/3/17,6.503,6.5056,6.508,6.4981
2021/3/16,6.5052,6.4968,6.5078,6.4937
2021/3/15,6.4996,6.4946,6.5111,6.4946
2021/3/12,6.5081,6.4809,6.51,6.4769
2021/3/11,6.4932,6.4965,6.5026,6.4822
2021/3/10,6.505,6.5089,6.5179,6.5006
2021/3/9,6.505,6.5261,6.5446,6.503
2021/3/8,6.525,6.4967,6.533,6.4915
2021/3/5,6.496,6.47,6.4992,6.4691
2021/3/4,6.4694,6.4717,6.4731,6.465
2021/3/3,6.4675,6.4675,6.4741,6.4556
2021/3/2,6.4702,6.466,6.4768,6.4654
2021/3/1,6.4648,6.4676,6.4713,6.458
2021/2/26,6.473,6.4825,6.483,6.4564
2021/2/25,6.4541,6.4566,6.458,6.4454
2021/2/24,6.4556,6.4555,6.463,6.4451
2021/2/23,6.464,6.4566,6.4707,6.4534
2021/2/22,6.4625,6.4585,6.4703,6.4564
2021/2/19,6.4555,6.471,6.4755,6.4507
2021/2/18,6.4869,6.4471,6.4902,6.4453
2021/2/17,6.4582,6.4582,6.4582,6.4582
2021/2/16,6.4582,6.4582,6.4582,6.4582
2021/2/15,6.4582,6.4582,6.4582,6.4582
2021/2/12,6.4582,6.4582,6.4582,6.4582
2021/2/11,6.4542,6.4582,6.459,6.4574
2021/2/10,6.4576,6.4364,6.4601,6.4292
2021/2/9,6.4344,6.4478,6.4545,6.431
2021/2/8,6.4444,6.462,6.4629,6.4468
2021/2/5,6.4664,6.47,6.4829,6.4599
2021/2/4,6.4715,6.4604,6.4737,6.456
2021/2/3,6.4579,6.456,6.4647,6.4549
2021/2/2,6.4551,6.4653,6.4672,6.4475
2021/2/1,6.4669,6.4309,6.4714,6.4307
2021/1/29,6.425,6.4563,6.4679,6.4223
2021/1/28,6.4491,6.4898,6.4948,6.4475
2021/1/27,6.4822,6.4616,6.4881,6.4577
2021/1/26,6.4635,6.477,6.4785,6.4623
2021/1/25,6.4784,6.485,6.487,6.4721
2021/1/22,6.481,6.462,6.4864,6.462
2021/1/21,6.4595,6.4567,6.4665,6.4561
2021/1/20,6.465,6.4767,6.478,6.4624
2021/1/19,6.4777,6.4925,6.4935,6.4774
2021/1/18,6.4902,6.482,6.4974,6.4774
2021/1/15,6.48,6.4665,6.4815,6.4639
2021/1/14,6.4736,6.4672,6.4766,6.4617
2021/1/13,6.4677,6.4514,6.4724,6.4494
2021/1/12,6.461,6.4787,6.4788,6.4577
2021/1/11,6.4795,6.4799,6.4932,6.47
2021/1/8,6.475,6.4776,6.478,6.4615
2021/1/7,6.476,6.459,6.4795,6.4546
2021/1/6,6.4617,6.4561,6.4643,6.451
2021/1/5,6.455,6.4603,6.4693,6.4296
2021/1/4,6.4601,6.5167,6.517,6.4567
2021/1/1,6.5267,6.5267,6.5267,6.5267
2020/12/31,6.525,6.5223,6.5561,6.5152
2020/12/30,6.5208,6.5307,6.5378,6.5208
2020/12/29,6.53,6.5371,6.5385,6.5265
2020/12/28,6.5346,6.5418,6.5438,6.5282
2020/12/25,6.5408,6.53,6.5444,6.5198
2020/12/24,6.53,6.5406,6.5406,6.5265
2020/12/23,6.54,6.5493,6.5557,6.5324
2020/12/22,6.5426,6.5426,6.5547,6.5394
2020/12/21,6.5467,6.5471,6.5564,6.5462
2020/12/18,6.5348,6.533,6.5462,6.5317
2020/12/17,6.5321,6.528,6.5425,6.5269
2020/12/16,6.5323,6.5366,6.5465,6.5241
2020/12/15,6.5388,6.5455,6.5568,6.538
2020/12/14,6.548,6.5325,6.5525,6.5325
2020/12/11,6.5445,6.5375,6.5493,6.5352
2020/12/10,6.5435,6.546,6.5538,6.5398
2020/12/9,6.541,6.5293,6.5467,6.5194
2020/12/8,6.5307,6.5333,6.5398,6.5199
2020/12/7,6.5295,6.5295,6.544,6.528
2020/12/4,6.5301,6.5431,6.5529,6.5268
2020/12/3,6.5418,6.554,6.5664,6.5423
2020/12/2,6.5622,6.5639,6.5692,6.5519
2020/12/1,6.5705,6.5789,6.5875,6.5606
2020/11/30,6.576,6.5768,6.595,6.5708
2020/11/27,6.5738,6.573,6.5848,6.5714
2020/11/26,6.5741,6.5654,6.578,6.5622
2020/11/25,6.575,6.5915,6.5915,6.5724
2020/11/24,6.59,6.5778,6.5931,6.5736
2020/11/23,6.585,6.5548,6.5862,6.5532
2020/11/20,6.5608,6.5743,6.5823,6.5604
2020/11/19,6.5789,6.5605,6.5941,6.5599
2020/11/18,6.5588,6.5579,6.5669,6.5389
2020/11/17,6.5556,6.5847,6.5847,6.5473
2020/11/16,6.583,6.5884,6.5919,6.5696
2020/11/13,6.6039,6.6175,6.627,6.6041
2020/11/12,6.6114,6.6311,6.6342,6.6113
2020/11/11,6.6301,6.6075,6.6334,6.5922
2020/11/10,6.6146,6.6217,6.6283,6.5974
2020/11/9,6.628,6.5918,6.6349,6.5628
2020/11/6,6.608,6.6146,6.6383,6.6065
2020/11/5,6.6027,6.641,6.6635,6.6034
2020/11/4,6.648,6.7067,6.7508,6.6515
2020/11/3,6.6759,6.6821,6.6975,6.6764
2020/11/2,6.6899,6.6927,6.7014,6.6811
2020/10/30,6.6919,6.715,6.715,6.6793
2020/10/29,6.714,6.729,6.729,6.702
2020/10/28,6.7279,6.7153,6.7301,6.707
2020/10/27,6.7044,6.7123,6.7243,6.6965
2020/10/26,6.7119,6.6853,6.7143,6.6783
2020/10/23,6.6843,6.6845,6.6936,6.6652
2020/10/22,6.6821,6.6511,6.6887,6.6465
2020/10/21,6.6503,6.6767,6.6767,6.6408
2020/10/20,6.6754,6.6786,6.6944,6.6761
2020/10/19,6.6803,6.6976,6.7041,6.6818
2020/10/16,6.6962,6.719,6.7259,6.6943
2020/10/15,6.7233,6.7154,6.7355,6.714
2020/10/14,6.7136,6.7467,6.7483,6.7123
2020/10/13,6.7452,6.7565,6.7615,6.7323
2020/10/12,6.7451,6.6947,6.7555,6.6947
2020/10/9,6.6933,6.7264,6.7308,6.6933
2020/10/8,6.7908,6.7908,6.7908,6.7908
2020/10/7,6.7908,6.7908,6.7908,6.7908
2020/10/6,6.7908,6.7908,6.7908,6.7908
2020/10/5,6.7908,6.7908,6.7908,6.7908
2020/10/2,6.7898,6.7908,6.7908,6.7908
2020/10/1,6.7898,6.7908,6.7909,6.7907
2020/9/30,6.7896,6.813,6.8172,6.786
2020/9/29,6.815,6.8222,6.8277,6.8103
2020/9/28,6.8106,6.8153,6.8281,6.8101
2020/9/25,6.822,6.8095,6.8337,6.8095
2020/9/24,6.8273,6.8095,6.8338,6.8094
2020/9/23,6.8089,6.7922,6.8131,6.7853
2020/9/22,6.7779,6.8052,6.8052,6.7719
2020/9/21,6.8043,6.7628,6.8066,6.757
2020/9/18,6.7675,6.7523,6.7769,6.751
2020/9/17,6.7628,6.7549,6.7804,6.751
2020/9/16,6.7529,6.7772,6.778,6.7544
2020/9/15,6.7801,6.8105,6.8105,6.7692
2020/9/14,6.808,6.8344,6.8344,6.8085
2020/9/11,6.833,6.8361,6.8396,6.8317
2020/9/10,6.8344,6.8327,6.8432,6.8259
2020/9/9,6.8333,6.846,6.8584,6.8323
2020/9/8,6.8464,6.833,6.8539,6.83
2020/9/7,6.8305,6.8293,6.8345,6.8265
2020/9/4,6.8425,6.8414,6.8481,6.8346
2020/9/3,6.8468,6.8406,6.8508,6.8268
2020/9/2,6.8383,6.8278,6.8393,6.822
2020/9/1,6.8282,6.8419,6.8471,6.8115
2020/8/31,6.8484,6.8614,6.8631,6.8417
2020/8/28,6.8654,6.8934,6.8934,6.8611
2020/8/27,6.8937,6.888,6.8963,6.8745
2020/8/26,6.886,6.9065,6.9067,6.886
2020/8/25,6.9127,6.9097,6.9162,6.9074
2020/8/24,6.9196,6.914,6.9221,6.9114
2020/8/21,6.9195,6.9101,6.926,6.9001
2020/8/20,6.9158,6.9207,6.9299,6.9136
2020/8/19,6.9207,6.9173,6.9245,6.9047
2020/8/18,6.9218,6.9318,6.9349,6.9094
2020/8/17,6.9329,6.95,6.95,6.9295
2020/8/14,6.9504,6.9454,6.9533,6.939
2020/8/13,6.9451,6.932,6.948,6.9306
2020/8/12,6.9371,6.9478,6.9578,6.9327
2020/8/11,6.9463,6.9653,6.9653,6.9426
2020/8/10,6.9619,6.9651,6.9728,6.9564
2020/8/7,6.968,6.9559,6.9743,6.9525
2020/8/6,6.9535,6.9366,6.9538,6.9349
2020/8/5,6.9367,6.9645,6.968,6.935
2020/8/4,6.9734,6.9833,6.9878,6.9688
2020/8/3,6.9809,6.9796,6.9856,6.9681
2020/7/31,6.9752,6.9925,6.9927,6.9702
2020/7/30,7.0088,6.9958,7.0089,6.9925
2020/7/29,7.0018,7.0001,7.0054,6.9919
2020/7/28,7.0008,6.9885,7.0106,6.9877
2020/7/27,6.9964,7.0005,7.0065,6.9957
2020/7/24,7.0169,7.0063,7.0261,7.0031
2020/7/23,7.004,7.0083,7.0141,6.9896
2020/7/22,7.0002,6.9754,7.0123,6.9646
2020/7/21,6.9808,6.9837,6.9961,6.9791
2020/7/20,6.9838,6.9911,7.0018,6.9818
2020/7/17,6.9924,6.9939,7.0053,6.9912
2020/7/16,6.9893,6.9842,7.0028,6.9835
2020/7/15,6.9889,6.9929,7.0047,6.9818
2020/7/14,7.0075,7.0128,7.0207,7.0022
2020/7/13,6.9974,7.0013,7.0061,6.992
2020/7/10,7.0018,6.9995,7.0148,6.9992
2020/7/9,6.9942,6.9973,7.0019,6.9794
2020/7/8,7.0046,7.0222,7.0241,7.0004
2020/7/7,7.014,7.007,7.0268,7.0028
2020/7/6,7.0188,7.0653,7.0662,7.0152
2020/7/3,7.0663,7.0629,7.0702,7.0595
2020/7/2,7.067,7.061,7.0711,7.0601
2020/7/1,7.0712,7.0678,7.0725,7.0548
2020/6/30,7.0655,7.0729,7.0783,7.0594
2020/6/29,7.0811,7.0836,7.0836,7.0723
2020/6/26,7.0782,7.0782,7.0782,7.0782
2020/6/25,7.0782,7.0782,7.0782,7.0782
2020/6/24,7.0782,7.0572,7.0786,7.051
2020/6/23,7.059,7.0693,7.0896,7.0569
2020/6/22,7.0684,7.0806,7.0819,7.0659
2020/6/19,7.0723,7.0896,7.0928,7.0715
2020/6/18,7.0894,7.0935,7.0954,7.0717
2020/6/17,7.0855,7.0882,7.098,7.084
2020/6/16,7.0865,7.0761,7.0872,7.0685
2020/6/15,7.0909,7.0837,7.1002,7.0837
2020/6/12,7.0834,7.0828,7.0909,7.0729
2020/6/11,7.065,7.0587,7.0758,7.0551
2020/6/10,7.061,7.0776,7.085,7.0564
2020/6/9,7.0773,7.0705,7.0914,7.0684
2020/6/8,7.0716,7.083,7.0919,7.069
2020/6/5,7.082,7.1065,7.1156,7.08
2020/6/4,7.1103,7.1205,7.1327,7.1058
2020/6/3,7.1158,7.0939,7.1299,7.0939
2020/6/2,7.1014,7.116,7.1252,7.0973
2020/6/1,7.1278,7.1178,7.1426,7.1126
2020/5/29,7.1372,7.1595,7.1595,7.1321
2020/5/28,7.1463,7.1697,7.1697,7.1446
2020/5/27,7.1696,7.1345,7.1781,7.1345
2020/5/26,7.135,7.1335,7.1391,7.1258
2020/5/25,7.1368,7.1321,7.1435,7.1316
2020/5/22,7.1304,7.117,7.1471,7.1158
2020/5/21,7.1153,7.0943,7.1165,7.0926
2020/5/20,7.0935,7.0992,7.1098,7.0892
2020/5/19,7.0992,7.1014,7.1136,7.0945
2020/5/18,7.1097,7.1059,7.1203,7.1014
2020/5/15,7.1021,7.0957,7.1071,7.0941
2020/5/14,7.0959,7.0964,7.1049,7.0945
2020/5/13,7.0922,7.0827,7.0971,7.0827
2020/5/12,7.0829,7.0946,7.1006,7.0793
2020/5/11,7.0992,7.0768,7.1006,7.0719
2020/5/8,7.0742,7.075,7.0811,7.0689
2020/5/7,7.0843,7.106,7.109,7.0842
2020/5/6,7.1046,7.0617,7.1065,7.0617
2020/5/5,7.0622,7.0622,7.0622,7.0622
2020/5/4,7.0622,7.0622,7.0622,7.0622
2020/5/1,7.0622,7.0622,7.0622,7.0622
2020/4/30,7.0622,7.0674,7.0692,7.0478
2020/4/29,7.0768,7.0767,7.0822,7.0705
2020/4/28,7.0796,7.0842,7.092,7.072
2020/4/27,7.0865,7.0763,7.0938,7.074
2020/4/24,7.0819,7.0805,7.0876,7.0725
2020/4/23,7.0667,7.0833,7.0877,7.0628
2020/4/22,7.0842,7.0878,7.092,7.0773
2020/4/21,7.092,7.0812,7.0988,7.0793
2020/4/20,7.0736,7.0808,7.0835,7.069
2020/4/17,7.0731,7.0689,7.084,7.066
2020/4/16,7.0798,7.0725,7.0847,7.0702
2020/4/15,7.0677,7.0473,7.0693,7.0456
2020/4/14,7.0486,7.0518,7.0661,7.0421
2020/4/13,7.0526,7.0366,7.0586,7.0366
2020/4/10,7.036,7.0488,7.0505,7.0293
2020/4/9,7.0432,7.0627,7.0738,7.0313
2020/4/8,7.066,7.0649,7.0763,7.0593
2020/4/7,7.0458,7.088,7.088,7.0458
2020/4/6,7.0927,7.0927,7.0927,7.0927
2020/4/3,7.0927,7.0876,7.0998,7.0805
2020/4/2,7.084,7.1169,7.1288,7.0839
2020/4/1,7.1001,7.0812,7.1076,7.0795
2020/3/31,7.0825,7.0946,7.1015,7.0802
2020/3/30,7.1003,7.0955,7.1043,7.087
2020/3/27,7.0962,7.0626,7.0988,7.055
2020/3/26,7.0735,7.0935,7.1226,7.0683
2020/3/25,7.1148,7.0655,7.1202,7.0526
2020/3/24,7.0631,7.0869,7.0931,7.0587
2020/3/23,7.0926,7.0998,7.1242,7.0791
2020/3/20,7.096,7.1059,7.1061,7.0497
2020/3/19,7.1082,7.0483,7.1263,7.0483
2020/3/18,7.0474,7.0216,7.0481,7.0039
2020/3/17,7.0079,6.9951,7.0249,6.9869
2020/3/16,6.9933,7.0016,7.0251,6.9895
2020/3/13,7.0086,7.0299,7.0379,6.9773
2020/3/12,7.0295,6.9611,7.0373,6.9611
2020/3/11,6.9605,6.9584,6.9656,6.9442
2020/3/10,6.9564,6.94,6.9612,6.9284
2020/3/9,6.9466,6.9108,6.955,6.9108
2020/3/6,6.9321,6.9441,6.9601,6.9261
2020/3/5,6.9373,6.9378,6.9444,6.9295
2020/3/4,6.9262,6.9422,6.9522,6.9215
2020/3/3,6.962,6.9605,6.9873,6.9595
2020/3/2,6.961,6.974,6.9778,6.9516
2020/2/28,6.9919,7.0032,7.0133,6.9796
2020/2/27,7.0045,7.0154,7.0222,7.0008
2020/2/26,7.0225,7.0126,7.026,7.0126
2020/2/25,7.0135,7.011,7.0197,7.008
2020/2/24,7.0294,7.0385,7.0406,7.0237
2020/2/21,7.0271,7.0295,7.0442,7.0263
2020/2/20,7.0229,7.0074,7.0261,7.0027
2020/2/19,6.9982,7.0058,7.0133,6.9893
2020/2/18,6.9971,6.9854,7.0088,6.9854
2020/2/17,6.9813,6.9806,6.9832,6.9718
2020/2/14,6.9869,6.9734,6.9879,6.9734
2020/2/13,6.977,6.9736,6.9862,6.9724
2020/2/12,6.9719,6.9672,6.9771,6.9592
2020/2/11,6.966,6.9834,6.9834,6.9595
2020/2/10,6.9844,7.0001,7.0038,6.9772
2020/2/7,7.0015,6.9776,7.002,6.9759
2020/2/6,6.9708,6.9749,6.9828,6.9564
2020/2/5,6.9738,6.9978,7.0088,6.9668
2020/2/4,6.9985,7.0213,7.0213,6.9871
2020/2/3,7.0215,6.9371,7.0256,6.9371
2020/1/31,6.9367,6.9367,6.9367,6.9367
2020/1/30,6.9367,6.9367,6.9367,6.9367
2020/1/29,6.9367,6.9367,6.9367,6.9367
2020/1/28,6.9367,6.9367,6.9367,6.9367
2020/1/27,6.9367,6.9367,6.9367,6.9367
2020/1/24,6.9367,6.9367,6.9367,6.9367
2020/1/23,6.9367,6.9061,6.9367,6.9061
2020/1/22,6.9066,6.9104,6.9196,6.8986
2020/1/21,6.9058,6.8773,6.9096,6.8765
2020/1/20,6.8668,6.8595,6.867,6.8404
2020/1/17,6.8598,6.8756,6.8792,6.8525
2020/1/16,6.8789,6.8849,6.8939,6.8762
2020/1/15,6.8909,6.8938,6.8989,6.8837
2020/1/14,6.8841,6.8759,6.8895,6.8653
2020/1/13,6.8938,6.9122,6.9156,6.8849
2020/1/10,6.9192,6.9318,6.9398,6.9171
2020/1/9,6.9318,6.9319,6.9362,6.921
2020/1/8,6.9462,6.9543,6.9556,6.9373
2020/1/7,6.9452,6.9679,6.9711,6.929
2020/1/6,6.976,6.9686,6.9797,6.9683
2020/1/3,6.9655,6.9616,6.9759,6.9616
2020/1/2,6.9643,6.9597,6.9741,6.9568
2020/1/1,6.9632,6.9632,6.9657,6.9632
2019/12/31,6.9632,6.9832,6.987,6.9556
2019/12/30,6.9867,6.9958,6.9958,6.9783
2019/12/27,6.9958,6.9932,7.0015,6.9916
2019/12/26,6.9965,6.9891,7.0069,6.988
2019/12/25,6.9894,7.0064,7.0064,6.9788
2019/12/24,7.0075,7.0131,7.0151,7.0031
2019/12/23,7.0128,7.0073,7.0142,7.0062
2019/12/20,7.0068,7.0101,7.016,7.003
2019/12/19,7.0104,7.0006,7.0106,6.9971
2019/12/18,7.005,7.0019,7.0129,6.9958
2019/12/17,6.9972,6.9954,7.003,6.991
2019/12/16,6.9935,6.9996,7.0084,6.993
2019/12/13,6.9895,6.9641,7.0022,6.9636
2019/12/12,6.9849,7.0339,7.0408,6.9839
2019/12/11,7.0388,7.0354,7.0408,7.0335
2019/12/10,7.0342,7.0392,7.0426,7.0313
2019/12/9,7.0393,7.0334,7.0434,7.0297
2019/12/6,7.035,7.0414,7.0498,7.0264
2019/12/5,7.0448,7.0503,7.0569,7.0352
2019/12/4,7.0499,7.0619,7.0744,7.0469
2019/12/3,7.0613,7.0407,7.0614,7.0362
2019/12/2,7.0393,7.0268,7.0459,7.0266
2019/11/29,7.0324,7.0326,7.037,7.0191
2019/11/28,7.0353,7.0295,7.0357,7.0253
2019/11/27,7.029,7.0245,7.0319,7.0177
2019/11/26,7.0335,7.0289,7.043,7.0259
2019/11/25,7.0364,7.0404,7.0404,7.0314
2019/11/22,7.04,7.0262,7.0428,7.0249
2019/11/21,7.0293,7.0351,7.0452,7.0259
2019/11/20,7.0359,7.0317,7.0394,7.0279
2019/11/19,7.0276,7.0259,7.0303,7.0202
2019/11/18,7.026,7.009,7.0268,7.009
2019/11/15,7.0083,7.0201,7.0201,6.9992
2019/11/14,7.0208,7.024,7.0252,7.0143
2019/11/13,7.0235,7.0076,7.0272,7.0076
2019/11/12,7.0078,7.0111,7.0111,6.9962
2019/11/11,7.0106,6.9962,7.0122,6.9917
2019/11/8,6.9961,6.969,6.9968,6.9676
2019/11/7,6.9784,6.9985,7.0208,6.9689
2019/11/6,6.9982,6.997,7.0052,6.9909
2019/11/5,7.0097,7.0296,7.0316,6.9891
2019/11/4,7.0304,7.0328,7.0343,7.0225
2019/11/1,7.0375,7.0387,7.0495,7.0347
2019/10/31,7.0395,7.0447,7.0507,7.0324
2019/10/30,7.0553,7.0652,7.0682,7.054
2019/10/29,7.0657,7.0672,7.0672,7.0526
2019/10/28,7.0678,7.0655,7.0693,7.0525
2019/10/25,7.0654,7.0696,7.0765,7.0624
2019/10/24,7.069,7.0665,7.0733,7.056
2019/10/23,7.0656,7.0786,7.0895,7.0655
2019/10/22,7.0769,7.0756,7.084,7.0705
2019/10/21,7.0762,7.0819,7.0819,7.0662
2019/10/18,7.0817,7.0742,7.0885,7.0668
2019/10/17,7.0774,7.0959,7.1016,7.0643
2019/10/16,7.0936,7.0966,7.1045,7.0897
2019/10/15,7.0817,7.0663,7.0833,7.0629
2019/10/14,7.0675,7.0908,7.091,7.0505
2019/10/11,7.088,7.1155,7.1155,7.0872
2019/10/10,7.1163,7.1313,7.1313,7.1023
2019/10/9,7.1324,7.143,7.1523,7.119
2019/10/8,7.1444,7.1324,7.1503,7.1214
2019/10/7,7.1484,7.1484,7.1484,7.1484
2019/10/4,7.1484,7.1484,7.1484,7.1484
2019/10/3,7.1484,7.1484,7.1484,7.1484
2019/10/2,7.1484,7.1484,7.1484,7.1484
2019/10/1,7.1484,7.1484,7.1484,7.1484
2019/9/30,7.1484,7.1303,7.1484,7.1174
2019/9/27,7.1227,7.1316,7.1388,7.119
2019/9/26,7.1326,7.129,7.1375,7.1243
2019/9/25,7.1318,7.1153,7.1343,7.1075
2019/9/24,7.1164,7.1184,7.1235,7.1039
2019/9/23,7.1185,7.0908,7.13,7.0908
2019/9/20,7.0916,7.0958,7.098,7.0815
2019/9/19,7.0966,7.0852,7.1052,7.0852
2019/9/18,7.086,7.09,7.0927,7.0839
2019/9/17,7.0918,7.0673,7.0983,7.0673
2019/9/16,7.0674,7.0789,7.0789,7.0627
2019/9/13,7.0794,7.0814,7.0814,7.0794
2019/9/12,7.0793,7.0977,7.103,7.0641
2019/9/11,7.1167,7.1174,7.1237,7.105
2019/9/10,7.1127,7.1211,7.1212,7.0976
2019/9/9,7.122,7.1146,7.1356,7.1146
2019/9/6,7.1157,7.1461,7.1576,7.1126
2019/9/5,7.1485,7.1426,7.1565,7.1235
2019/9/4,7.146,7.1819,7.1819,7.146
2019/9/3,7.1789,7.1714,7.1847,7.1703
2019/9/2,7.1719,7.1547,7.1738,7.1547
2019/8/30,7.1568,7.1459,7.1575,7.1392
2019/8/29,7.1445,7.1634,7.1715,7.1382
2019/8/28,7.1653,7.1618,7.1701,7.1551
2019/8/27,7.1623,7.1434,7.1708,7.1434
2019/8/26,7.1512,7.1359,7.1534,7.1349
2019/8/23,7.096,7.0893,7.1017,7.0731
2019/8/22,7.0837,7.0601,7.0939,7.0601
2019/8/21,7.0632,7.0594,7.0669,7.0499
2019/8/20,7.0605,7.0495,7.0686,7.0495
2019/8/19,7.0507,7.0386,7.0514,7.0381
2019/8/16,7.0428,7.0362,7.0472,7.0359
2019/8/15,7.034,7.0273,7.0433,7.0169
2019/8/14,7.0244,7.0205,7.0292,7.0105
2019/8/13,7.0435,7.0587,7.0724,7.0434
2019/8/12,7.0582,7.0603,7.0693,7.0537
2019/8/9,7.0624,7.0438,7.0624,7.0438
2019/8/8,7.0451,7.0588,7.0588,7.0363
2019/8/7,7.0602,7.0353,7.0643,7.0298
2019/8/6,7.0265,7.0509,7.0604,7.016
2019/8/5,7.0508,7.0176,7.0564,7.015
2019/8/2,6.9405,6.8985,6.9504,6.8985
2019/8/1,6.8986,6.8837,6.9065,6.8837
2019/7/31,6.8841,6.8857,6.8888,6.8777
2019/7/30,6.8845,6.8904,6.8933,6.8754
2019/7/29,6.8934,6.8792,6.8958,6.8759
2019/7/26,6.8792,6.8707,6.8818,6.8707
2019/7/25,6.8726,6.8689,6.8777,6.8665
2019/7/24,6.8725,6.8794,6.884,6.8676
2019/7/23,6.8792,6.8808,6.8846,6.8742
2019/7/22,6.8811,6.882,6.8834,6.8754
2019/7/19,6.8821,6.8773,6.8823,6.8712
2019/7/18,6.8801,6.8712,6.8823,6.8712
2019/7/17,6.8736,6.8752,6.8835,6.872
2019/7/16,6.8763,6.8779,6.8798,6.8706
2019/7/15,6.8777,6.8804,6.883,6.87
2019/7/12,6.8808,6.8694,6.882,6.8682
2019/7/11,6.8702,6.8724,6.8765,6.8587
2019/7/10,6.8729,6.8863,6.8895,6.87
2019/7/9,6.888,6.8879,6.8931,6.8806
2019/7/8,6.8819,6.8936,6.896,6.8757
2019/7/5,6.8936,6.8741,6.8939,6.872
2019/7/4,6.8715,6.8761,6.8773,6.8676
2019/7/3,6.8811,6.8763,6.893,6.8751
2019/7/2,6.8729,6.8504,6.8834,6.8504
2019/7/1,6.8517,6.8673,6.8673,6.8341
2019/6/28,6.8668,6.8748,6.8801,6.8595
2019/6/27,6.8771,6.8785,6.8846,6.8738
2019/6/26,6.88,6.8876,6.8937,6.8658
2019/6/25,6.8798,6.8715,6.8851,6.8655
2019/6/24,6.877,6.8736,6.8873,6.87
2019/6/21,6.87,6.8524,6.8793,6.8336
2019/6/20,6.852,6.8949,6.8959,6.844
2019/6/19,6.9036,6.9042,6.9115,6.9024
2019/6/18,6.9032,6.9278,6.933,6.9022
2019/6/17,6.9258,6.9254,6.9276,6.9201
2019/6/14,6.9255,6.9205,6.9262,6.92
2019/6/13,6.9216,6.9184,6.923,6.9153
2019/6/12,6.9177,6.911,6.9236,6.9095
2019/6/11,6.9114,6.9297,6.9297,6.9075
2019/6/10,6.931,6.9243,6.9365,6.9243
2019/6/7,6.9097,6.9122,6.9122,6.9097
2019/6/6,6.9097,6.9101,6.9184,6.907
2019/6/5,6.9091,6.9075,6.915,6.9011
2019/6/4,6.9083,6.9034,6.915,6.8978
2019/6/3,6.9038,6.9045,6.9101,6.8978
2019/5/31,6.905,6.9027,6.9158,6.8995
2019/5/30,6.9019,6.9131,6.9156,6.8978
2019/5/29,6.9145,6.9104,6.9182,6.9088
2019/5/28,6.9101,6.8983,6.9158,6.8983
2019/5/27,6.8979,6.8989,6.8994,6.8804
2019/5/24,6.9002,6.9085,6.9148,6.8966
2019/5/23,6.9105,6.9057,6.9211,6.9057
2019/5/22,6.9064,6.9008,6.9159,6.8962
2019/5/21,6.9023,6.9114,6.9179,6.8972
2019/5/20,6.9123,6.9007,6.9174,6.9
2019/5/17,6.9186,6.8823,6.9186,6.8823
2019/5/16,6.8838,6.8747,6.8861,6.873
2019/5/15,6.8761,6.8754,6.8812,6.864
2019/5/14,6.876,6.8776,6.8888,6.8642
2019/5/13,6.8784,6.824,6.8824,6.824
2019/5/10,6.824,6.8268,6.8278,6.7951
2019/5/9,6.8274,6.7823,6.8307,6.7823
2019/5/8,6.7828,6.7759,6.785,6.7656
2019/5/7,6.7769,6.7639,6.781,6.7563
2019/5/6,6.7645,6.7379,6.801,6.7379
2019/5/3,6.7346,6.7345,6.7346,6.7325
2019/5/2,6.7346,6.7348,6.7348,6.7325
2019/5/1,6.7349,6.7369,6.7369,6.7349
2019/4/30,6.7349,6.7328,6.7418,6.7311
2019/4/29,6.7336,6.7292,6.7364,6.7265
2019/4/26,6.7298,6.7436,6.7436,6.7263
2019/4/25,6.7431,6.7222,6.7496,6.7222
2019/4/24,6.7219,6.7251,6.7259,6.7145
2019/4/23,6.7259,6.7114,6.7276,6.7084
2019/4/22,6.712,6.7036,6.7149,6.7022
2019/4/19,6.7042,6.7064,6.7074,6.7002
2019/4/18,6.709,6.6872,6.7095,6.6845
2019/4/17,6.6882,6.7108,6.7116,6.6841
2019/4/16,6.7121,6.7081,6.7134,6.7053
2019/4/15,6.7087,6.7043,6.711,6.7036
2019/4/12,6.7044,6.7194,6.7235,6.6989
2019/4/11,6.7194,6.7132,6.7197,6.7103
2019/4/10,6.7159,6.7175,6.7188,6.7098
2019/4/9,6.7119,6.7127,6.7195,6.7079
2019/4/8,6.7164,6.7144,6.7218,6.711
2019/4/5,6.719,6.719,6.719,6.719
2019/4/4,6.7174,6.7073,6.7207,6.7065
2019/4/3,6.7114,6.7229,6.7229,6.705
2019/4/2,6.7233,6.7177,6.7253,6.7149
2019/4/1,6.7115,6.7125,6.7144,6.7003
2019/3/29,6.712,6.7336,6.7364,6.7066
2019/3/28,6.7391,6.7266,6.7408,6.7206
2019/3/27,6.7271,6.7131,6.7278,6.7111
2019/3/26,6.7157,6.7071,6.7167,6.7026
2019/3/25,6.7094,6.7211,6.7214,6.7053
2019/3/22,6.7181,6.7028,6.7183,6.6974
2019/3/21,6.6992,6.6806,6.7,6.6725
2019/3/20,6.6946,6.7187,6.7198,6.6941
2019/3/19,6.7119,6.7144,6.7211,6.7095
2019/3/18,6.7131,6.7139,6.718,6.7081
2019/3/15,6.7138,6.7222,6.7302,6.7069
2019/3/14,6.723,6.7077,6.7299,6.7031
2019/3/13,6.7071,6.7053,6.7123,6.7026
2019/3/12,6.7085,6.7241,6.7241,6.7038
2019/3/11,6.7265,6.7244,6.7315,6.7224
2019/3/8,6.7216,6.7268,6.7278,6.7173
2019/3/7,6.7149,6.7083,6.7151,6.7034
2019/3/6,6.7119,6.7064,6.7201,6.7032
2019/3/5,6.7076,6.7077,6.7085,6.697
2019/3/4,6.7073,6.7086,6.7086,6.6868
2019/3/1,6.7064,6.6943,6.7112,6.6942
2019/2/28,6.6942,6.6876,6.6943,6.679
2019/2/27,6.6872,6.6937,6.6984,6.6783
2019/2/26,6.7002,6.6893,6.7066,6.6893
2019/2/25,6.6894,6.7167,6.7167,6.6768
2019/2/22,6.7142,6.7314,6.7368,6.7114
2019/2/21,6.7197,6.7199,6.7263,6.6888
2019/2/20,6.7212,6.7373,6.7415,6.714
2019/2/19,6.7587,6.7729,6.7825,6.7564
2019/2/18,6.7667,6.7725,6.7725,6.7526
2019/2/15,6.773,6.7757,6.7864,6.7684
2019/2/14,6.7721,6.7677,6.778,6.7583
2019/2/13,6.7604,6.7584,6.7665,6.7506
2019/2/12,6.774,6.7912,6.7956,6.7661
2019/2/11,6.7923,6.7435,6.7939,6.7435
2019/2/8,6.7448,6.7448,6.7448,6.7448
2019/2/7,6.7448,6.7448,6.7448,6.7448
2019/2/6,6.7448,6.7448,6.7448,6.7448
2019/2/5,6.7448,6.7448,6.7448,6.7448
2019/2/4,6.7448,6.7448,6.7448,6.7448
2019/2/1,6.7448,6.7005,6.7448,6.7005
2019/1/31,6.7008,6.6996,6.716,6.6955
2019/1/30,6.7165,6.7354,6.7354,6.7081
2019/1/29,6.7329,6.7467,6.7554,6.73
2019/1/28,6.7453,6.7415,6.7459,6.7215
2019/1/25,6.7472,6.7919,6.7929,6.7471
2019/1/24,6.7885,6.7821,6.8013,6.7793
2019/1/23,6.792,6.805,6.8058,6.7782
2019/1/22,6.808,6.7912,6.8112,6.7912
2019/1/21,6.798,6.7966,6.8019,6.7866
2019/1/18,6.779,6.7721,6.783,6.7692
2019/1/17,6.7764,6.7465,6.7797,6.7465
2019/1/16,6.7568,6.7729,6.7824,6.755
2019/1/15,6.761,6.7465,6.7613,6.7392
2019/1/14,6.7681,6.7433,6.7714,6.7349
2019/1/11,6.763,6.7933,6.7934,6.7394
2019/1/10,6.7885,6.8173,6.8235,6.7733
2019/1/9,6.8165,6.8485,6.8485,6.8165
2019/1/8,6.8532,6.8443,6.8623,6.8438
2019/1/7,6.851,6.8507,6.8531,6.844
2019/1/4,6.8692,6.8687,6.8737,6.8639
2019/1/3,6.872,6.864,6.884,6.864
2019/1/2,6.862,6.8631,6.8694,6.8506
2019/1/1,6.8785,6.8785,6.8785,6.8785
2018/12/31,6.8785,6.8785,6.8785,6.8785
2018/12/28,6.8785,6.8648,6.8785,6.85
2018/12/27,6.8663,6.8899,6.8964,6.8635
2018/12/26,6.8854,6.8873,6.8919,6.8761
2018/12/25,6.8872,6.8961,6.8979,6.8765
2018/12/24,6.8991,6.9078,6.9131,6.8949
2018/12/21,6.9065,6.8818,6.9078,6.8818
2018/12/20,6.8851,6.905,6.915,6.8836
2018/12/19,6.8922,6.8908,6.8983,6.8873
2018/12/18,6.8951,6.8917,6.9017,6.8882
2018/12/17,6.8972,6.9009,6.9035,6.8927
2018/12/14,6.9077,6.8883,6.9078,6.8869
2018/12/13,6.8816,6.8776,6.8837,6.8641
2018/12/12,6.88,6.8849,6.8951,6.8769
2018/12/11,6.9,6.9185,6.9185,6.895
2018/12/10,6.9117,6.8918,6.9182,6.886
2018/12/7,6.8757,6.88,6.8919,6.8682
2018/12/6,6.8827,6.8559,6.897,6.8559
2018/12/5,6.8567,6.8518,6.8712,6.8458
2018/12/4,6.8373,6.8836,6.8916,6.8338
2018/12/3,6.8831,6.9275,6.9367,6.8831
2018/11/30,6.9605,6.9496,6.9605,6.9449
2018/11/29,6.9425,6.9437,6.9477,6.9353
2018/11/28,6.9539,6.9499,6.9574,6.9499
2018/11/27,6.9515,6.9491,6.9552,6.9446
2018/11/26,6.9407,6.9466,6.9481,6.9341
2018/11/23,6.9485,6.9328,6.9496,6.932
2018/11/22,6.932,6.9316,6.9389,6.923
2018/11/21,6.927,6.9435,6.9519,6.927
2018/11/20,6.9452,6.9438,6.9468,6.9367
2018/11/19,6.942,6.9348,6.9472,6.9347
2018/11/16,6.938,6.9392,6.9518,6.9297
2018/11/15,6.9392,6.9428,6.9473,6.9329
2018/11/14,6.9505,6.9491,6.9551,6.9463
2018/11/13,6.956,6.9657,6.971,6.9496
2018/11/12,6.9635,6.9519,6.9704,6.949
2018/11/9,6.9567,6.9399,6.9567,6.9399
2018/11/8,6.9345,6.9254,6.9394,6.9254
2018/11/7,6.92,6.9256,6.9435,6.9145
2018/11/6,6.9195,6.9268,6.9307,6.9137
2018/11/5,6.9257,6.8902,6.9308,6.8902
2018/11/2,6.8907,6.9108,6.9328,6.8689
2018/11/1,6.9233,6.9686,6.9724,6.9216
2018/10/31,6.9756,6.968,6.9783,6.9638
2018/10/30,6.9672,6.9615,6.972,6.9592
2018/10/29,6.9619,6.9402,6.9629,6.9401
2018/10/26,6.9435,6.9535,6.9652,6.9351
2018/10/25,6.9489,6.9442,6.9527,6.9422
2018/10/24,6.944,6.9405,6.9456,6.9369
2018/10/23,6.9383,6.9453,6.9454,6.9358
2018/10/22,6.9474,6.932,6.9477,6.932
2018/10/19,6.9297,6.9402,6.9422,6.9267
2018/10/18,6.9376,6.9349,6.9429,6.934
2018/10/17,6.9275,6.9115,6.9298,6.9114
2018/10/16,6.912,6.9153,6.9277,6.9071
2018/10/15,6.9168,6.9232,6.9336,6.9164
2018/10/12,6.9224,6.8915,6.9322,6.8915
2018/10/11,6.8899,6.9243,6.935,6.8899
2018/10/10,6.9242,6.9227,6.9259,6.9169
2018/10/9,6.9228,6.93,6.93,6.9082
2018/10/8,6.9307,6.904,6.9339,6.8947
2018/10/5,6.8689,6.8689,6.8689,6.8689
2018/10/4,6.8689,6.8689,6.8689,6.8689
2018/10/3,6.8689,6.8689,6.8689,6.8689
2018/10/2,6.8689,6.8689,6.8689,6.8689
2018/10/1,6.8689,6.8689,6.8689,6.8689
2018/9/28,6.8689,6.8872,6.8904,6.8678
2018/9/27,6.8902,6.8788,6.8933,6.87
2018/9/26,6.8786,6.8748,6.8803,6.8708
2018/9/25,6.8665,6.8608,6.8842,6.8605
2018/9/24,6.8571,6.8571,6.8571,6.8571
2018/9/21,6.8571,6.8357,6.8604,6.8337
2018/9/20,6.8468,6.8515,6.8583,6.8403
2018/9/19,6.8483,6.8653,6.8676,6.8473
2018/9/18,6.8615,6.8552,6.8806,6.8552
2018/9/17,6.857,6.8695,6.8781,6.8558
2018/9/14,6.869,6.8447,6.869,6.8447
2018/9/13,6.8447,6.8368,6.8542,6.8283
2018/9/12,6.8606,6.8736,6.8826,6.8606
2018/9/11,6.873,6.8656,6.8791,6.8582
2018/9/10,6.8556,6.8479,6.8668,6.8479
2018/9/7,6.8438,6.8333,6.8498,6.8265
2018/9/6,6.8355,6.8298,6.8424,6.8239
2018/9/5,6.8305,6.8303,6.8469,6.8292
2018/9/4,6.8442,6.824,6.8453,6.8061
2018/9/3,6.8228,6.8434,6.8469,6.8174
2018/8/31,6.8315,6.8472,6.8485,6.823
2018/8/30,6.8445,6.8216,6.8446,6.8216
2018/8/29,6.8213,6.8013,6.8299,6.8013
2018/8/28,6.803,6.8134,6.8214,6.7984
2018/8/27,6.8156,6.8168,6.8266,6.8064
2018/8/24,6.807,6.8755,6.8947,6.807
2018/8/23,6.8777,6.8559,6.8799,6.8558
2018/8/22,6.8417,6.8389,6.849,6.8389
2018/8/21,6.8472,6.8382,6.8523,6.8338
2018/8/20,6.8577,6.8626,6.8694,6.8467
2018/8/17,6.8775,6.8687,6.8967,6.8687
2018/8/16,6.8825,6.9227,6.9227,6.8816
2018/8/15,6.9347,6.8921,6.9348,6.8878
2018/8/14,6.8842,6.8872,6.8973,6.8799
2018/8/13,6.8912,6.8763,6.8913,6.8699
2018/8/10,6.8471,6.836,6.861,6.8308
2018/8/9,6.821,6.8276,6.8381,6.813
2018/8/8,6.8357,6.8067,6.8414,6.8002
2018/8/7,6.8317,6.8509,6.8658,6.8223
2018/8/6,6.8535,6.8276,6.8541,6.801
2018/8/3,6.8332,6.8584,6.8949,6.8332
2018/8/2,6.8428,6.8094,6.8514,6.8093
2018/8/1,6.8227,6.8294,6.8369,6.7957
2018/7/31,6.8127,6.8349,6.845,6.8127
2018/7/30,6.815,6.8208,6.8437,6.815
2018/7/27,6.8137,6.808,6.8409,6.8018
2018/7/26,6.7927,6.7424,6.7958,6.7423
2018/7/25,6.7697,6.7951,6.8088,6.7573
2018/7/24,6.7914,6.8146,6.8248,6.7913
2018/7/23,6.7929,6.7536,6.7965,6.7403
2018/7/20,6.7709,6.779,6.8155,6.7699
2018/7/19,6.7751,6.7249,6.7881,6.7242
2018/7/18,6.7196,6.7065,6.7233,6.6986
2018/7/17,6.7065,6.6931,6.7081,6.676
2018/7/16,6.6911,6.6919,6.7087,6.6751
2018/7/13,6.6917,6.6578,6.7054,6.6525
2018/7/12,6.6677,6.7022,6.7064,6.6633
2018/7/11,6.6812,6.6734,6.6832,6.6563
2018/7/10,6.6298,6.5983,6.6354,6.5983
2018/7/9,6.6161,6.6429,6.6444,6.6135
2018/7/6,6.6435,6.638,6.6685,6.638
2018/7/5,6.6371,6.6298,6.6478,6.6298
2018/7/4,6.6325,6.6403,6.6403,6.604
2018/7/3,6.6425,6.7089,6.7225,6.641
2018/7/2,6.668,6.6317,6.6681,6.6311
2018/6/29,6.621,6.6305,6.6429,6.6085
2018/6/28,6.6271,6.6181,6.6335,6.609
2018/6/27,6.6046,6.5859,6.6199,6.5859
2018/6/26,6.5793,6.5373,6.5818,6.5369
2018/6/25,6.54,6.5039,6.5474,6.5039
2018/6/22,6.5059,6.4947,6.5098,6.4947
2018/6/21,6.4932,6.4819,6.5093,6.4819
2018/6/20,6.4738,6.4655,6.4811,6.4655
2018/6/19,6.4852,6.4428,6.4853,6.4428
2018/6/18,6.4394,6.4394,6.4394,6.4394
2018/6/15,6.4394,6.4195,6.4394,6.4131
2018/6/14,6.4017,6.3986,6.4048,6.3929
2018/6/13,6.3984,6.4133,6.414,6.3969
2018/6/12,6.4028,6.411,6.4122,6.4022
2018/6/11,6.4017,6.4068,6.4101,6.4012
2018/6/8,6.4066,6.4005,6.4148,6.4004
2018/6/7,6.3921,6.3899,6.3987,6.3897
2018/6/6,6.3884,6.4072,6.4072,6.3862
2018/6/5,6.4061,6.4065,6.4145,6.4001
2018/6/4,6.41,6.423,6.4279,6.4062
2018/6/1,6.4204,6.4098,6.4217,6.4095
2018/5/31,6.4103,6.4174,6.4175,6.3995
2018/5/30,6.419,6.4207,6.4345,6.4161
2018/5/29,6.4176,6.4088,6.423,6.4047
2018/5/28,6.3993,6.3893,6.4007,6.3887
2018/5/25,6.3918,6.3883,6.3929,6.3849
2018/5/24,6.3783,6.3896,6.3972,6.3773
2018/5/23,6.3885,6.3695,6.3913,6.3695
2018/5/22,6.3675,6.375,6.3793,6.3657
2018/5/21,6.3835,6.3797,6.3947,6.3775
2018/5/18,6.38,6.373,6.3817,6.3691
2018/5/17,6.3671,6.3723,6.3723,6.3574
2018/5/16,6.3715,6.3766,6.3804,6.3647
2018/5/15,6.3778,6.3422,6.3804,6.3422
2018/5/14,6.3392,6.3338,6.3438,6.3338
2018/5/11,6.3341,6.3376,6.3491,6.3255
2018/5/10,6.3492,6.373,6.3742,6.3448
2018/5/9,6.3624,6.3784,6.3861,6.3606
2018/5/8,6.3706,6.3647,6.3708,6.3605
2018/5/7,6.3667,6.3528,6.3694,6.3488
2018/5/4,6.3627,6.3482,6.3669,6.3449
2018/5/3,6.3537,6.3633,6.3712,6.3472
2018/5/2,6.3624,6.354,6.3659,6.354
2018/5/1,6.3332,6.3332,6.3332,6.3332
2018/4/30,6.3332,6.3332,6.3332,6.3332
2018/4/27,6.3332,6.3368,6.3472,6.3281
2018/4/26,6.3365,6.3273,6.3369,6.3214
2018/4/25,6.3266,6.3064,6.3299,6.3034
2018/4/24,6.3065,6.3223,6.3227,6.3055
2018/4/23,6.3171,6.2965,6.3173,6.2895
2018/4/20,6.2965,6.2888,6.2984,6.2837
2018/4/19,6.2791,6.281,6.2831,6.2633
2018/4/18,6.2744,6.287,6.2919,6.2721
2018/4/17,6.2826,6.2736,6.2871,6.2735
2018/4/16,6.2765,6.2763,6.2874,6.2755
2018/4/13,6.275,6.2896,6.2953,6.275
2018/4/12,6.2915,6.2736,6.2942,6.2734
2018/4/11,6.269,6.2855,6.2911,6.268
2018/4/10,6.2832,6.3079,6.3102,6.2828
2018/4/9,6.307,6.3031,6.3203,6.2975
2018/4/6,6.3052,6.3052,6.3052,6.3052
2018/4/5,6.3052,6.3052,6.3052,6.3052
2018/4/4,6.3052,6.2898,6.3098,6.2851
2018/4/3,6.2899,6.2833,6.2915,6.2833
2018/4/2,6.2805,6.2692,6.2843,6.2692
2018/3/30,6.2753,6.2855,6.2882,6.266
2018/3/29,6.2898,6.2993,6.3063,6.2832
2018/3/28,6.2979,6.2706,6.301,6.2705
2018/3/27,6.2831,6.2596,6.2866,6.246
2018/3/26,6.2734,6.3139,6.3208,6.2734
2018/3/23,6.316,6.3351,6.3382,6.316
2018/3/22,6.335,6.3156,6.3361,6.3155
2018/3/21,6.3232,6.3364,6.3373,6.3232
2018/3/20,6.334,6.3255,6.3344,6.3246
2018/3/19,6.3322,6.3372,6.3397,6.3302
2018/3/16,6.335,6.3352,6.3377,6.3259
2018/3/15,6.3221,6.308,6.3244,6.3071
2018/3/14,6.318,6.322,6.3261,6.31
2018/3/13,6.3216,6.3223,6.3363,6.3216
2018/3/12,6.33,6.3301,6.3352,6.3241
2018/3/9,6.3325,6.3501,6.3557,6.3325
2018/3/8,6.3422,6.3333,6.3424,6.3262
2018/3/7,6.3255,6.3269,6.3333,6.3196
2018/3/6,6.3098,6.335,6.3479,6.3098
2018/3/5,6.3495,6.3285,6.3496,6.3281
2018/3/2,6.3454,6.3446,6.3627,6.3406
2018/3/1,6.3582,6.3295,6.3602,6.3295
2018/2/28,6.3311,6.3345,6.3369,6.3247
2018/2/27,6.317,6.3001,6.3172,6.2932
2018/2/26,6.316,6.3266,6.3281,6.3078
2018/2/23,6.3373,6.3498,6.3523,6.3354
2018/2/22,6.35,6.3479,6.3655,6.3456
2018/2/21,6.3482,6.3482,6.3482,6.3482
2018/2/20,6.3482,6.3482,6.3482,6.3482
2018/2/19,6.3482,6.3482,6.3482,6.3482
2018/2/16,6.3482,6.3482,6.3482,6.3482
2018/2/15,6.3482,6.3482,6.3482,6.3482
2018/2/14,6.3482,6.3393,6.3574,6.3339
2018/2/13,6.341,6.3281,6.3505,6.324
2018/2/12,6.3275,6.2939,6.3328,6.2875
2018/2/9,6.2969,6.3253,6.3318,6.2933
2018/2/8,6.327,6.2899,6.3449,6.2854
2018/2/7,6.2694,6.2645,6.2703,6.2565
2018/2/6,6.2833,6.2978,6.301,6.2689
2018/2/5,6.29,6.3064,6.3097,6.2867
2018/2/2,6.3014,6.2823,6.3041,6.2707
2018/2/1,6.2995,6.2956,6.3096,6.2885
2018/1/31,6.2888,6.3302,6.3353,6.2882
2018/1/30,6.3239,6.3371,6.3478,6.3197
2018/1/29,6.3375,6.3296,6.3398,6.3267
2018/1/26,6.3201,6.3261,6.3344,6.3119
2018/1/25,6.3238,6.3579,6.36,6.3185
2018/1/24,6.37,6.397,6.4013,6.3696
2018/1/23,6.4047,6.3948,6.4139,6.3948
2018/1/22,6.4053,6.4102,6.4156,6.3999
2018/1/19,6.404,6.4056,6.4112,6.3926
2018/1/18,6.4203,6.4373,6.4437,6.4177
2018/1/17,6.4343,6.4273,6.4404,6.4199
2018/1/16,6.444,6.4391,6.4477,6.4266
2018/1/15,6.4371,6.4521,6.456,6.4189
2018/1/12,6.461,6.4886,6.4906,6.4536
2018/1/11,6.4958,6.5133,6.5179,6.4916
2018/1/10,6.5081,6.5328,6.5373,6.5031
2018/1/9,6.5297,6.5069,6.533,6.5011
2018/1/8,6.4998,6.4768,6.5015,6.4768
2018/1/5,6.4887,6.4813,6.491,6.4794
2018/1/4,6.4933,6.5034,6.5111,6.4926
2018/1/3,6.503,6.497,6.5126,6.497
2018/1/2,6.4933,6.4963,6.5054,6.492
2018/1/1,6.5067,6.5067,6.5067,6.5067
2017/12/29,6.5067,6.5274,6.5304,6.5027
2017/12/28,6.5334,6.5542,6.5598,6.5304
2017/12/27,6.5568,6.5418,6.5598,6.5418
2017/12/26,6.5453,6.5398,6.5584,6.5354
2017/12/25,6.5397,6.5708,6.5732,6.5388
2017/12/22,6.5774,6.5819,6.5859,6.5694
2017/12/21,6.5847,6.5595,6.5885,6.555
2017/12/20,6.5785,6.604,6.6066,6.5758
2017/12/19,6.6047,6.6159,6.6185,6.6022
2017/12/18,6.6164,6.6122,6.619,6.612
2017/12/15,6.6093,6.607,6.6117,6.6064
2017/12/14,6.6096,6.6046,6.6117,6.6042
2017/12/13,6.6174,6.6199,6.623,6.6164
2017/12/12,6.6215,6.6151,6.6235,6.6151
2017/12/11,6.6186,6.6162,6.6188,6.615
2017/12/8,6.6212,6.6184,6.6219,6.6152
2017/12/7,6.6193,6.617,6.6212,6.6145
2017/12/6,6.6149,6.6173,6.6208,6.6118
2017/12/5,6.6191,6.6163,6.62,6.6126
2017/12/4,6.6197,6.6113,6.6212,6.6113
2017/12/1,6.6174,6.6112,6.6194,6.6082
2017/11/30,6.6128,6.6143,6.6212,6.606
2017/11/29,6.6094,6.6053,6.6119,6.5947
2017/11/28,6.6076,6.6028,6.612,6.5938
2017/11/27,6.5969,6.6,6.6072,6.596
2017/11/24,6.6022,6.5765,6.6085,6.5762
2017/11/23,6.5835,6.6131,6.6131,6.5761
2017/11/22,6.6102,6.6281,6.6343,6.6092
2017/11/21,6.6296,6.6331,6.645,6.6277
2017/11/20,6.635,6.6295,6.6422,6.6295
2017/11/17,6.6267,6.6296,6.6373,6.6242
2017/11/16,6.6307,6.6235,6.6406,6.6235
2017/11/15,6.6235,6.6385,6.6388,6.6158
2017/11/14,6.6363,6.6397,6.645,6.6343
2017/11/13,6.6405,6.65,6.6531,6.6386
2017/11/10,6.6414,6.6394,6.6465,6.6361
2017/11/9,6.6403,6.6274,6.6441,6.6266
2017/11/8,6.628,6.6411,6.6467,6.6256
2017/11/7,6.64,6.6321,6.6421,6.6224
2017/11/6,6.6338,6.6387,6.6434,6.6303
2017/11/3,6.639,6.6098,6.6399,6.6066
2017/11/2,6.6089,6.6039,6.6132,6.5851
2017/11/1,6.6029,6.6339,6.6385,6.6011
2017/10/31,6.6349,6.6461,6.6461,6.625
2017/10/30,6.6465,6.6481,6.6526,6.6445
2017/10/27,6.6514,6.6408,6.6632,6.6407
2017/10/26,6.6426,6.6384,6.6435,6.6319
2017/10/25,6.639,6.6375,6.6492,6.6351
2017/10/24,6.6358,6.6403,6.6403,6.627
2017/10/23,6.64,6.6205,6.6411,6.6205
2017/10/20,6.6205,6.6145,6.6271,6.605
2017/10/19,6.6151,6.6275,6.6391,6.6126
2017/10/18,6.6274,6.6244,6.629,6.608
2017/10/17,6.6235,6.59,6.6248,6.5899
2017/10/16,6.5899,6.5799,6.5944,6.5742
2017/10/13,6.5796,6.5866,6.5886,6.5737
2017/10/12,6.588,6.5896,6.5997,6.5838
2017/10/11,6.5902,6.5724,6.6003,6.5724
2017/10/10,6.5715,6.6237,6.6237,6.5715
2017/10/9,6.6255,6.6553,6.6571,6.6221
2017/10/6,6.6534,6.6534,6.6534,6.6534
2017/10/5,6.6534,6.6534,6.6534,6.6534
2017/10/4,6.6534,6.6534,6.6534,6.6534
2017/10/3,6.6534,6.6534,6.6534,6.6534
2017/10/2,6.6534,6.6534,6.6534,6.6534
2017/9/29,6.6534,6.6571,6.6821,6.6368
2017/9/28,6.664,6.6437,6.678,6.6437
2017/9/27,6.6425,6.6371,6.6447,6.6321
2017/9/26,6.6401,6.618,6.6418,6.6144
2017/9/25,6.6212,6.5919,6.6226,6.5919
2017/9/22,6.5911,6.5873,6.5996,6.5732
2017/9/21,6.5899,6.5739,6.6041,6.5739
2017/9/20,6.5749,6.5849,6.5849,6.5675
2017/9/19,6.5838,6.5762,6.6006,6.5758
2017/9/18,6.5741,6.5477,6.5759,6.5473
2017/9/15,6.5526,6.5545,6.5552,6.5388
2017/9/14,6.556,6.544,6.5601,6.544
2017/9/13,6.543,6.5364,6.5431,6.5236
2017/9/12,6.5354,6.5274,6.5498,6.5272
2017/9/11,6.5297,6.5093,6.5303,6.5016
2017/9/8,6.4817,6.4873,6.4873,6.439
2017/9/7,6.4865,6.5256,6.5321,6.4855
2017/9/6,6.524,6.5364,6.5485,6.5194
2017/9/5,6.5388,6.5312,6.5579,6.5194
2017/9/4,6.531,6.5593,6.5604,6.5216
2017/9/1,6.5591,6.5927,6.5927,6.5516
2017/8/31,6.5899,6.5927,6.6025,6.5876
2017/8/30,6.5944,6.597,6.5998,6.5823
2017/8/29,6.5968,6.622,6.625,6.5938
2017/8/28,6.6159,6.6467,6.6467,6.6159
2017/8/25,6.6497,6.6632,6.6707,6.6463
2017/8/24,6.662,6.6589,6.6661,6.6541
2017/8/23,6.6589,6.662,6.6693,6.6585
2017/8/22,6.6624,6.6654,6.6654,6.6546
2017/8/21,6.6656,6.6726,6.6762,6.6656
2017/8/18,6.6713,6.6743,6.6828,6.6677
2017/8/17,6.6755,6.6925,6.6925,6.6657
2017/8/16,6.6916,6.686,6.6981,6.6825
2017/8/15,6.6855,6.6705,6.6864,6.669
2017/8/14,6.6711,6.6618,6.6727,6.657
2017/8/11,6.6647,6.6495,6.6801,6.6495
2017/8/10,6.6475,6.6734,6.6734,6.6464
2017/8/9,6.6739,6.7068,6.7075,6.6708
2017/8/8,6.7065,6.7222,6.7222,6.6966
2017/8/7,6.7214,6.7264,6.729,6.7171
2017/8/4,6.7289,6.7167,6.7305,6.7149
2017/8/3,6.7169,6.7219,6.733,6.7169
2017/8/2,6.7219,6.7189,6.7297,6.7189
2017/8/1,6.7181,6.7252,6.7252,6.7157
2017/7/31,6.7265,6.7387,6.7387,6.7232
2017/7/28,6.7374,6.7422,6.7498,6.7364
2017/7/27,6.743,6.755,6.755,6.725
2017/7/26,6.7539,6.7504,6.7595,6.7504
2017/7/25,6.7511,6.7504,6.7568,6.7425
2017/7/24,6.7511,6.7687,6.7687,6.7507
2017/7/21,6.7669,6.7576,6.7705,6.7555
2017/7/20,6.7595,6.7536,6.7744,6.7536
2017/7/19,6.7519,6.7458,6.7591,6.7458
2017/7/18,6.7463,6.7703,6.7703,6.7416
2017/7/17,6.77,6.7751,6.7763,6.7654
2017/7/14,6.7758,6.7842,6.786,6.7692
2017/7/13,6.7835,6.7874,6.7874,6.7766
2017/7/12,6.7877,6.8022,6.8022,6.7868
2017/7/11,6.8025,6.8041,6.8086,6.7997
2017/7/10,6.8036,6.8049,6.8049,6.7998
2017/7/7,6.8059,6.8011,6.8059,6.7969
2017/7/6,6.8015,6.802,6.8074,6.7977
2017/7/5,6.8015,6.8005,6.8035,6.7936
2017/7/4,6.8007,6.8007,6.803,6.7971
2017/7/3,6.8007,6.7781,6.8013,6.7781
2017/6/30,6.7809,6.7856,6.7856,6.7614
2017/6/29,6.787,6.8014,6.8014,6.7749
2017/6/28,6.7998,6.8114,6.8114,6.7944
2017/6/27,6.8126,6.8408,6.8466,6.8088
2017/6/26,6.8411,6.8339,6.8468,6.8339
2017/6/23,6.8367,6.8346,6.8454,6.8346
2017/6/22,6.8348,6.83,6.8364,6.8275
2017/6/21,6.8295,6.8305,6.8363,6.825
2017/6/20,6.8292,6.8187,6.836,6.8182
2017/6/19,6.8195,6.8112,6.8199,6.8063
2017/6/16,6.8104,6.8048,6.8162,6.8046
2017/6/15,6.8079,6.7896,6.8079,6.7896
2017/6/14,6.7917,6.7988,6.8006,6.7887
2017/6/13,6.799,6.7971,6.7995,6.7965
2017/6/12,6.7982,6.795,6.7996,6.7948
2017/6/9,6.798,6.7961,6.8041,6.7955
2017/6/8,6.8003,6.7963,6.8013,6.7938
2017/6/7,6.7957,6.7863,6.7978,6.7862
2017/6/6,6.7953,6.8037,6.8037,6.7926
2017/6/5,6.804,6.7986,6.8059,6.7973
2017/6/2,6.8117,6.8052,6.8242,6.8045
2017/6/1,6.8078,6.8056,6.8119,6.7879
2017/5/31,6.8101,6.8528,6.8529,6.8101
2017/5/30,6.8556,6.8556,6.8556,6.8556
2017/5/29,6.8556,6.8556,6.8556,6.8556
2017/5/26,6.8556,6.8703,6.8703,6.849
2017/5/25,6.8689,6.8899,6.8899,6.8653
2017/5/24,6.8899,6.8896,6.8959,6.8895
2017/5/23,6.89,6.8848,6.8941,6.8818
2017/5/22,6.8864,6.8865,6.8961,6.8835
2017/5/19,6.885,6.89,6.8974,6.8848
2017/5/18,6.8893,6.8849,6.8969,6.8848
2017/5/17,6.8819,6.8887,6.8963,6.8819
2017/5/16,6.8867,6.8926,6.8964,6.8845
2017/5/15,6.893,6.9002,6.9032,6.893
2017/5/12,6.8994,6.9014,6.907,6.8994
2017/5/11,6.9037,6.9034,6.908,6.9016
2017/5/10,6.9032,6.9071,6.9094,6.897
2017/5/9,6.9074,6.9075,6.9095,6.9052
2017/5/8,6.9045,6.8993,6.9067,6.8991
2017/5/5,6.9031,6.8938,6.9032,6.8938
2017/5/4,6.8962,6.8968,6.8988,6.8901
2017/5/3,6.8989,6.8966,6.899,6.8907
2017/5/2,6.896,6.891,6.8985,6.891
2017/5/1,6.8935,6.8935,6.8935,6.8935
2017/4/28,6.8935,6.8956,6.9016,6.8903
2017/4/27,6.8979,6.8939,6.9009,6.8921
2017/4/26,6.8926,6.8833,6.8927,6.8828
2017/4/25,6.8847,6.8863,6.8891,6.8809
2017/4/24,6.8848,6.8808,6.8882,6.8807
2017/4/21,6.8859,6.8814,6.8861,6.8789
2017/4/20,6.8822,6.8883,6.8933,6.8819
2017/4/19,6.888,6.8798,6.8892,6.877
2017/4/18,6.8819,6.8841,6.8951,6.8806
2017/4/17,6.8823,6.8825,6.8916,6.8783
2017/4/14,6.8854,6.8884,6.8893,6.8821
2017/4/13,6.89,6.8925,6.8925,6.8765
2017/4/12,6.8915,6.8918,6.9019,6.8902
2017/4/11,6.8923,6.9018,6.9068,6.891
2017/4/10,6.9031,6.9093,6.9151,6.9031
2017/4/7,6.9004,6.8981,6.9062,6.8904
2017/4/6,6.8978,6.8943,6.9047,6.8943
2017/4/5,6.8948,6.886,6.899,6.886
2017/4/4,6.8871,6.8871,6.8871,6.8871
2017/4/3,6.8871,6.8871,6.8871,6.8871
2017/3/31,6.8871,6.8909,6.9064,6.8867
2017/3/30,6.8894,6.8903,6.8974,6.8894
2017/3/29,6.89,6.88,6.896,6.88
2017/3/28,6.8802,6.871,6.8892,6.8707
2017/3/27,6.8728,6.883,6.883,6.8677
2017/3/24,6.8837,6.8877,6.8998,6.8837
2017/3/23,6.8861,6.8879,6.8949,6.8849
2017/3/22,6.8828,6.8873,6.8959,6.8828
2017/3/21,6.887,6.909,6.9114,6.887
2017/3/20,6.9085,6.9049,6.9112,6.9035
2017/3/17,6.9034,6.8984,6.911,6.8984
2017/3/16,6.898,6.9162,6.9162,6.891
2017/3/15,6.9147,6.9106,6.9173,6.9105
2017/3/14,6.915,6.9136,6.9224,6.9131
2017/3/13,6.9145,6.907,6.9146,6.906
2017/3/10,6.9095,6.9147,6.9217,6.908
2017/3/9,6.9113,6.9129,6.9226,6.9085
2017/3/8,6.9131,6.9009,6.9133,6.9002
2017/3/7,6.9025,6.8994,6.9071,6.8987
2017/3/6,6.8974,6.8868,6.9005,6.8868
2017/3/3,6.8972,6.8918,6.9079,6.8918
2017/3/2,6.8899,6.8802,6.8911,6.8801
2017/3/1,6.8819,6.8755,6.8826,6.8749
2017/2/28,6.8678,6.8723,6.8729,6.8624
2017/2/27,6.8708,6.8795,6.8817,6.8689
2017/2/24,6.869,6.8735,6.8783,6.869
2017/2/23,6.8661,6.8817,6.884,6.8646
2017/2/22,6.8777,6.8794,6.8834,6.8754
2017/2/21,6.8841,6.8808,6.8895,6.88
2017/2/20,6.8785,6.8685,6.8826,6.8675
2017/2/17,6.8665,6.855,6.8735,6.8549
2017/2/16,6.8537,6.8625,6.8639,6.8489
2017/2/15,6.8711,6.8701,6.8778,6.8633
2017/2/14,6.8674,6.8776,6.8894,6.8589
2017/2/13,6.8815,6.8817,6.892,6.8724
2017/2/10,6.8785,6.8761,6.8826,6.874
2017/2/9,6.8689,6.868,6.8737,6.8622
2017/2/8,6.8723,6.8822,6.8939,6.8703
2017/2/7,6.8843,6.8625,6.8863,6.8612
2017/2/6,6.863,6.8655,6.8708,6.859
2017/2/3,6.8697,6.87,6.8794,6.8691
2017/2/2,6.8817,6.8817,6.8817,6.8817
2017/2/1,6.8817,6.8817,6.8817,6.8817
2017/1/31,6.8817,6.8817,6.8817,6.8817
2017/1/30,6.8817,6.8817,6.8817,6.8817
2017/1/27,6.8817,6.8817,6.8817,6.8817
2017/1/26,6.8817,6.8738,6.8856,6.8734
2017/1/25,6.8836,6.8582,6.8855,6.8582
2017/1/24,6.859,6.8414,6.8652,6.8414
2017/1/23,6.8539,6.8596,6.8605,6.836
2017/1/20,6.8765,6.8615,6.8821,6.8615
2017/1/19,6.8712,6.8631,6.8801,6.8539
2017/1/18,6.839,6.8531,6.8741,6.8319
2017/1/17,6.8546,6.9016,6.9059,6.8546
2017/1/16,6.9009,6.8982,6.9024,6.8931
2017/1/13,6.9005,6.901,6.9051,6.8871
2017/1/12,6.8915,6.9205,6.9246,6.8889
2017/1/11,6.9377,6.9267,6.9379,6.9232
2017/1/10,6.9215,6.9321,6.9343,6.9215
2017/1/9,6.9375,6.9315,6.9381,6.9315
2017/1/6,6.9207,6.8772,6.9404,6.8762
2017/1/5,6.89,6.93,6.9324,6.8709
2017/1/4,6.9351,6.957,6.9594,6.9351
2017/1/3,6.961,6.9569,6.9638,6.9558
2017/1/2,6.945,6.945,6.945,6.945
2016/12/30,6.945,6.9555,6.9555,6.942
2016/12/29,6.9552,6.9503,6.9575,6.9497
2016/12/28,6.9593,6.9515,6.962,6.9515
2016/12/27,6.9525,6.9514,6.9542,6.9464
2016/12/26,6.9489,6.9439,6.9506,6.9439
2016/12/23,6.9464,6.9482,6.9532,6.9442
2016/12/22,6.9504,6.9452,6.9516,6.9452
2016/12/21,6.9421,6.9501,6.9548,6.9421
2016/12/20,6.9505,6.9505,6.9595,6.9494
2016/12/19,6.9539,6.9428,6.9546,6.9428
2016/12/16,6.9603,6.952,6.9625,6.9479
2016/12/15,6.9443,6.9057,6.9444,6.9057
2016/12/14,6.9051,6.9026,6.9102,6.9009
2016/12/13,6.9017,6.9078,6.9078,6.9008
2016/12/12,6.9069,6.9104,6.9187,6.9069
2016/12/9,6.9077,6.902,6.9085,6.9009
2016/12/8,6.8799,6.8827,6.8832,6.8759
2016/12/7,6.8805,6.8815,6.8938,6.879
2016/12/6,6.882,6.8791,6.8821,6.8653
2016/12/5,6.881,6.8863,6.8933,6.88
2016/12/2,6.8865,6.8826,6.8903,6.8822
2016/12/1,6.8865,6.8935,6.8992,6.8865
2016/11/30,6.8868,6.8864,6.8897,6.8838
2016/11/29,6.8968,6.8942,6.9021,6.8935
2016/11/28,6.9087,6.9075,6.9091,6.9029
2016/11/25,6.9198,6.9222,6.9232,6.9142
2016/11/24,6.9196,6.923,6.9238,6.917
2016/11/23,6.9202,6.8887,6.9203,6.8887
2016/11/22,6.89,6.8938,6.8938,6.884
2016/11/21,6.8928,6.888,6.9,6.8864
2016/11/18,6.8887,6.8764,6.893,6.8764
2016/11/17,6.8782,6.8793,6.8793,6.8697
2016/11/16,6.8804,6.8604,6.8804,6.8604
2016/11/15,6.8591,6.8445,6.8675,6.8445
2016/11/14,6.8468,6.8112,6.8472,6.8112
2016/11/11,6.8125,6.817,6.8193,6.7989
2016/11/10,6.8019,6.7939,6.8022,6.7918
2016/11/9,6.78,6.7851,6.7877,6.7581
2016/11/8,6.7874,6.7774,6.7877,6.7774
2016/11/7,6.7766,6.756,6.7783,6.756
2016/11/4,6.7565,6.7642,6.7649,6.7564
2016/11/3,6.7646,6.7578,6.7664,6.7578
2016/11/2,6.757,6.7616,6.7677,6.7569
2016/11/1,6.7665,6.777,6.7803,6.7651
2016/10/31,6.7758,6.7715,6.7758,6.7703
2016/10/28,6.779,6.785,6.7899,6.7782
2016/10/27,6.7851,6.7752,6.7851,6.7752
2016/10/26,6.7712,6.7727,6.7746,6.767
2016/10/25,6.7812,6.776,6.7841,6.776
2016/10/24,6.7752,6.7645,6.7764,6.7645
2016/10/21,6.7667,6.7452,6.7672,6.7452
2016/10/20,6.7454,6.7385,6.7454,6.7355
2016/10/19,6.7379,6.7368,6.7414,6.736
2016/10/18,6.7409,6.7359,6.7418,6.733
2016/10/17,6.7375,6.7324,6.7425,6.7321
2016/10/14,6.7288,6.726,6.7288,6.7217
2016/10/13,6.7274,6.7277,6.7341,6.7238
2016/10/12,6.719,6.7161,6.7237,6.714
2016/10/11,6.722,6.7091,6.722,6.7078
2016/10/10,6.7074,6.6704,6.7081,6.6704
2016/10/7,6.6716,6.6716,6.6716,6.6716
2016/10/6,6.6716,6.6716,6.6716,6.6716
2016/10/5,6.6716,6.6716,6.6716,6.6716
2016/10/4,6.6716,6.6716,6.6716,6.6716
2016/10/3,6.6716,6.6716,6.6716,6.6716
2016/9/30,6.6716,6.6681,6.6739,6.6666
2016/9/29,6.6673,6.6753,6.6753,6.665
2016/9/28,6.6752,6.6717,6.6755,6.6673
2016/9/27,6.6701,6.6693,6.6708,6.6661
2016/9/26,6.6689,6.6732,6.6732,6.6689
2016/9/23,6.6694,6.6661,6.6715,6.6635
2016/9/22,6.6648,6.6638,6.6732,6.6638
2016/9/21,6.6721,6.6742,6.6759,6.672
2016/9/20,6.672,6.6701,6.6745,6.667
2016/9/19,6.6685,6.6741,6.6755,6.6639
2016/9/16,6.6734,6.6734,6.6734,6.6734
2016/9/15,6.6734,6.6734,6.6734,6.6734
2016/9/14,6.6734,6.6822,6.6822,6.6707
2016/9/13,6.6794,6.6807,6.6814,6.6761
2016/9/12,6.6801,6.6784,6.6823,6.6766
2016/9/9,6.6781,6.6662,6.6843,6.6662
2016/9/8,6.6643,6.6623,6.6691,6.6561
2016/9/7,6.6625,6.6751,6.6751,6.6617
2016/9/6,6.6755,6.6799,6.6904,6.6755
2016/9/5,6.6766,6.6806,6.6822,6.6752
2016/9/2,6.6805,6.6762,6.6832,6.6743
2016/9/1,6.6715,6.6779,6.6808,6.6715
2016/8/31,6.6793,6.6797,6.6823,6.6775
2016/8/30,6.6812,6.6791,6.6837,6.6752
2016/8/29,6.6777,6.6753,6.6808,6.67
2016/8/26,6.6719,6.662,6.6723,6.6565
2016/8/25,6.6593,6.6594,6.6638,6.654
2016/8/24,6.6591,6.6433,6.6598,6.6407
2016/8/23,6.6409,6.6534,6.6542,6.6406
2016/8/22,6.6507,6.666,6.6691,6.6463
2016/8/19,6.6532,6.6313,6.6551,6.6313
2016/8/18,6.6312,6.6343,6.635,6.6201
2016/8/17,6.6343,6.6256,6.6365,6.6225
2016/8/16,6.6253,6.6383,6.641,6.6149
2016/8/15,6.638,6.6441,6.6491,6.636
2016/8/12,6.6353,6.6428,6.649,6.6338
2016/8/11,6.6277,6.6309,6.6438,6.6277
2016/8/10,6.638,6.6564,6.6564,6.6292
2016/8/9,6.6557,6.6624,6.6662,6.6549
2016/8/8,6.6614,6.6602,6.6661,6.6587
2016/8/5,6.6564,6.6423,6.6566,6.6404
2016/8/4,6.6418,6.635,6.6471,6.633
2016/8/3,6.6342,6.6261,6.6361,6.626
2016/8/2,6.6272,6.6454,6.6523,6.6266
2016/8/1,6.6439,6.6308,6.6441,6.6308
2016/7/29,6.6373,6.6508,6.6561,6.636
2016/7/28,6.6554,6.6696,6.6696,6.6546
2016/7/27,6.67,6.671,6.6748,6.6683
2016/7/26,6.672,6.6815,6.6824,6.6678
2016/7/25,6.6785,6.6823,6.683,6.676
2016/7/22,6.6795,6.677,6.6797,6.6703
2016/7/21,6.6755,6.678,6.6836,6.67
2016/7/20,6.6777,6.6949,6.6949,6.6718
2016/7/19,6.6963,6.7045,6.7045,6.692
2016/7/18,6.7045,6.6932,6.7066,6.6932
2016/7/15,6.6887,6.6818,6.6887,6.6814
2016/7/14,6.6836,6.6875,6.6917,6.6836
2016/7/13,6.6863,6.6821,6.6955,6.6811
2016/7/12,6.6885,6.6905,6.6946,6.6836
2016/7/11,6.6939,6.6872,6.6939,6.6862
2016/7/8,6.6881,6.6851,6.6892,6.6798
2016/7/7,6.681,6.687,6.6898,6.68
2016/7/6,6.693,6.6855,6.6977,6.684
2016/7/5,6.6796,6.6651,6.6799,6.6651
2016/7/4,6.6653,6.657,6.6688,6.6533
2016/7/1,6.6557,6.6469,6.6623,6.6469
2016/6/30,6.648,6.6372,6.6563,6.6372
2016/6/29,6.6367,6.6467,6.6557,6.6348
2016/6/28,6.6481,6.6511,6.6559,6.6445
2016/6/27,6.6516,6.639,6.6544,6.6349
2016/6/24,6.6218,6.5868,6.6313,6.5868
2016/6/23,6.5772,6.5762,6.5857,6.5708
2016/6/22,6.5775,6.5924,6.5954,6.5725
2016/6/21,6.5903,6.574,6.591,6.573
2016/6/20,6.577,6.5829,6.5829,6.5724
2016/6/17,6.5884,6.5934,6.596,6.5817
2016/6/16,6.592,6.5806,6.593,6.5721
2016/6/15,6.5818,6.606,6.6076,6.5811
2016/6/14,6.5965,6.5823,6.5981,6.5823
2016/6/13,6.5857,6.5624,6.5926,6.5624
2016/6/10,6.5619,6.5619,6.5619,6.5619
2016/6/9,6.5619,6.5619,6.5619,6.5619
2016/6/8,6.5625,6.5732,6.5739,6.5612
2016/6/7,6.5715,6.5653,6.5739,6.5653
2016/6/6,6.5637,6.5549,6.5689,6.5549
2016/6/3,6.5648,6.5825,6.5883,6.5648
2016/6/2,6.5845,6.5772,6.5865,6.5769
2016/6/1,6.5751,6.584,6.5944,6.5746
2016/5/31,6.5829,6.583,6.5889,6.5751
2016/5/30,6.5832,6.58,6.5847,6.5762
2016/5/27,6.5633,6.5548,6.5665,6.5544
2016/5/26,6.557,6.5598,6.5644,6.5525
2016/5/25,6.5541,6.5594,6.565,6.5541
2016/5/24,6.5572,6.5515,6.5592,6.5507
2016/5/23,6.5557,6.5442,6.5599,6.5424
2016/5/20,6.549,6.5463,6.549,6.5385
2016/5/19,6.547,6.5455,6.5507,6.5408
2016/5/18,6.5388,6.5253,6.5406,6.5253
2016/5/17,6.5204,6.5222,6.5309,6.519
2016/5/16,6.5212,6.5288,6.5332,6.5196
2016/5/13,6.532,6.5181,6.5343,6.5181
2016/5/12,6.5168,6.4973,6.5213,6.4973
2016/5/11,6.492,6.5188,6.5188,6.492
2016/5/10,6.5183,6.5173,6.5266,6.5159
2016/5/9,6.5169,6.4979,6.5184,6.4979
2016/5/6,6.5001,6.5069,6.5105,6.4986
2016/5/5,6.5034,6.5011,6.5095,6.4983
2016/5/4,6.4947,6.4916,6.5066,6.4915
2016/5/3,6.4917,6.4738,6.4917,6.4714
2016/5/2,6.4741,6.4741,6.4741,6.4741
2016/4/29,6.4741,6.4737,6.4882,6.4622
2016/4/28,6.4759,6.499,6.5047,6.4756
2016/4/27,6.495,6.488,6.4972,6.4875
2016/4/26,6.4935,6.4896,6.4999,6.4896
2016/4/25,6.493,6.5089,6.5115,6.4928
2016/4/22,6.5009,6.4826,6.5009,6.478
2016/4/21,6.4819,6.481,6.4856,6.4715
2016/4/20,6.4708,6.4628,6.4733,6.4628
2016/4/19,6.4581,6.4756,6.4781,6.4581
2016/4/18,6.4752,6.4802,6.4855,6.4752
2016/4/15,6.4756,6.4826,6.4901,6.4701
2016/4/14,6.4826,6.4857,6.4898,6.4778
2016/4/13,6.4784,6.4631,6.4784,6.4616
2016/4/12,6.4656,6.4613,6.4726,6.4572
2016/4/11,6.4595,6.4631,6.4745,6.4565
2016/4/8,6.4658,6.4761,6.4827,6.4658
2016/4/7,6.463,6.4784,6.479,6.463
2016/4/6,6.4809,6.4782,6.4901,6.4771
2016/4/5,6.4772,6.4685,6.4786,6.4663
2016/4/4,6.4786,6.4786,6.4786,6.4786
2016/4/1,6.4786,6.4604,6.4802,6.4604
2016/3/31,6.449,6.467,6.469,6.448
2016/3/30,6.465,6.5068,6.5068,6.465
2016/3/29,6.5066,6.5082,6.5117,6.5062
2016/3/28,6.5075,6.5195,6.5214,6.5073
2016/3/25,6.516,6.5175,6.5231,6.5115
2016/3/24,6.5146,6.5114,6.5191,6.5083
2016/3/23,6.5062,6.4908,6.5088,6.4864
2016/3/22,6.4901,6.4977,6.5,6.4864
2016/3/21,6.4846,6.4833,6.4897,6.4789
2016/3/18,6.4716,6.4762,6.4858,6.4629
2016/3/17,6.475,6.4966,6.5003,6.4725
2016/3/16,6.522,6.5139,6.526,6.5139
2016/3/15,6.5145,6.5013,6.5185,6.5013
2016/3/14,6.5,6.4931,6.502,6.4914
2016/3/11,6.4953,6.5083,6.5083,6.4863
2016/3/10,6.5085,6.5145,6.5244,6.5081
2016/3/9,6.513,6.5095,6.5176,6.5095
2016/3/8,6.5047,6.5161,6.5161,6.5008
2016/3/7,6.5168,6.5078,6.5203,6.5052
2016/3/4,6.508,6.53,6.5324,6.505
2016/3/3,6.5314,6.5502,6.5502,6.5314
2016/3/2,6.551,6.553,6.5543,6.5496
2016/3/1,6.5521,6.5459,6.5542,6.541
2016/2/29,6.554,6.5477,6.555,6.5467
2016/2/26,6.5404,6.5298,6.5414,6.5298
2016/2/25,6.5335,6.5336,6.5355,6.531
2016/2/24,6.5317,6.5322,6.5397,6.5311
2016/2/23,6.5271,6.5288,6.5299,6.5253
2016/2/22,6.5218,6.5186,6.5238,6.5178
2016/2/19,6.5224,6.5202,6.5237,6.5172
2016/2/18,6.5188,6.5242,6.5242,6.516
2016/2/17,6.5282,6.5257,6.5293,6.5229
2016/2/16,6.5169,6.5011,6.5193,6.5006
2016/2/15,6.4962,6.5304,6.5309,6.4889
2016/2/12,6.5739,6.5739,6.5739,6.5739
2016/2/11,6.5739,6.5739,6.5739,6.5739
2016/2/10,6.5739,6.5739,6.5739,6.5739
2016/2/9,6.5739,6.5739,6.5739,6.5739
2016/2/8,6.5739,6.5739,6.5739,6.5739
2016/2/5,6.5739,6.5684,6.5754,6.5679
2016/2/4,6.5648,6.5765,6.5791,6.5643
2016/2/3,6.577,6.5793,6.5805,6.5752
2016/2/2,6.5798,6.5783,6.58,6.5772
2016/2/1,6.5784,6.5744,6.5819,6.5744
2016/1/29,6.5761,6.5745,6.5796,6.5732
2016/1/28,6.5751,6.5777,6.5789,6.5736
2016/1/27,6.5778,6.5804,6.5818,6.5755
2016/1/26,6.5825,6.5794,6.5851,6.5787
2016/1/25,6.5793,6.5784,6.58,6.5774
2016/1/22,6.5791,6.5784,6.58,6.5772
2016/1/21,6.58,6.5787,6.5805,6.5756
2016/1/20,6.5784,6.5769,6.5803,6.5769
2016/1/19,6.5785,6.5753,6.5796,6.5753
2016/1/18,6.5789,6.584,6.584,6.5754
2016/1/15,6.5849,6.5857,6.5884,6.5834
2016/1/14,6.5901,6.5776,6.5921,6.5776
2016/1/13,6.5754,6.5701,6.5806,6.5701
2016/1/12,6.5725,6.5682,6.5805,6.5682
2016/1/11,6.5695,6.5952,6.5952,6.5695
2016/1/8,6.5965,6.5686,6.5967,6.5672
2016/1/7,6.5929,6.5823,6.5948,6.5796
2016/1/6,6.5566,6.5271,6.5615,6.5271
2016/1/5,6.5148,6.521,6.5247,6.5143
2016/1/4,6.5354,6.5084,6.5366,6.5084
2016/1/1,6.4936,6.4936,6.4936,6.4936
